-- phpMyAdmin SQL Dump
-- version 5.2.0
-- https://www.phpmyadmin.net/
--
-- Host: 127.0.0.1
-- Generation Time: Aug 18, 2023 at 10:01 AM
-- Server version: 10.4.27-MariaDB
-- PHP Version: 8.2.0

SET SQL_MODE = "NO_AUTO_VALUE_ON_ZERO";
START TRANSACTION;
SET time_zone = "+00:00";


/*!40101 SET @OLD_CHARACTER_SET_CLIENT=@@CHARACTER_SET_CLIENT */;
/*!40101 SET @OLD_CHARACTER_SET_RESULTS=@@CHARACTER_SET_RESULTS */;
/*!40101 SET @OLD_COLLATION_CONNECTION=@@COLLATION_CONNECTION */;
/*!40101 SET NAMES utf8mb4 */;

--
-- Database: `app_presensi`
--

-- --------------------------------------------------------

--
-- Table structure for table `admins`
--

CREATE TABLE `admins` (
  `id` bigint(20) UNSIGNED NOT NULL,
  `nama` varchar(255) NOT NULL,
  `email` varchar(255) NOT NULL,
  `password` varchar(255) NOT NULL,
  `foto` varchar(255) DEFAULT NULL,
  `role` tinyint(4) NOT NULL
) ENGINE=InnoDB DEFAULT CHARSET=utf8mb4 COLLATE=utf8mb4_unicode_ci;

--
-- Dumping data for table `admins`
--

INSERT INTO `admins` (`id`, `nama`, `email`, `password`, `foto`, `role`) VALUES
(1, 'Admin', 'admin@mail.com', '$2y$10$fWRt4MQmb0gsnA.AHfgr5.zimmKmiyj0tTdubZTQbUlo0EW2EiqWS', NULL, 1);

-- --------------------------------------------------------

--
-- Table structure for table `jabatans`
--

CREATE TABLE `jabatans` (
  `id` bigint(20) UNSIGNED NOT NULL,
  `nama_jabatan` varchar(255) NOT NULL,
  `created_at` timestamp NULL DEFAULT NULL,
  `updated_at` timestamp NULL DEFAULT NULL,
  `deleted_at` timestamp NULL DEFAULT NULL
) ENGINE=InnoDB DEFAULT CHARSET=utf8mb4 COLLATE=utf8mb4_unicode_ci;

--
-- Dumping data for table `jabatans`
--

INSERT INTO `jabatans` (`id`, `nama_jabatan`, `created_at`, `updated_at`, `deleted_at`) VALUES
(1, 'Penyiar Radio', '2023-05-16 23:28:08', '2023-05-16 23:28:08', NULL),
(2, 'Bidan', '2023-05-16 23:28:08', '2023-05-18 02:05:57', NULL),
(3, 'Psikiater / Psikolog', '2023-05-16 23:28:08', '2023-05-16 23:28:08', NULL),
(4, 'Pelaut', '2023-05-16 23:28:08', '2023-05-16 23:28:08', NULL),
(5, 'Penyelam', '2023-05-16 23:28:08', '2023-05-16 23:28:08', NULL),
(6, 'Mahasiswa', NULL, NULL, NULL);

-- --------------------------------------------------------

--
-- Table structure for table `migrations`
--

CREATE TABLE `migrations` (
  `id` int(10) UNSIGNED NOT NULL,
  `migration` varchar(255) NOT NULL,
  `batch` int(11) NOT NULL
) ENGINE=InnoDB DEFAULT CHARSET=utf8mb4 COLLATE=utf8mb4_unicode_ci;

--
-- Dumping data for table `migrations`
--

INSERT INTO `migrations` (`id`, `migration`, `batch`) VALUES
(43, '2019_12_14_000001_create_personal_access_tokens_table', 1),
(44, '2023_05_01_121948_create_admins_table', 1),
(45, '2023_05_01_122002_create_jabatans_table', 1),
(46, '2023_05_01_122009_create_pegawais_table', 1),
(47, '2023_05_01_122034_create_settings_table', 1),
(48, '2023_05_08_071254_create_presensis_table', 1),
(49, '2023_05_08_071507_create_presensi_details_table', 1),
(50, '2023_06_12_062647_create_faces_table', 2);

-- --------------------------------------------------------

--
-- Table structure for table `pegawais`
--

CREATE TABLE `pegawais` (
  `nip` varchar(255) NOT NULL,
  `jabatan_id` bigint(20) UNSIGNED NOT NULL,
  `nama` varchar(255) NOT NULL,
  `jenis_kelamin` varchar(255) NOT NULL,
  `email` varchar(255) NOT NULL,
  `password` varchar(255) NOT NULL,
  `foto` varchar(255) DEFAULT NULL,
  `is_active` varchar(255) NOT NULL,
  `role` tinyint(4) NOT NULL,
  `created_at` timestamp NULL DEFAULT NULL,
  `updated_at` timestamp NULL DEFAULT NULL,
  `deleted_at` timestamp NULL DEFAULT NULL
) ENGINE=InnoDB DEFAULT CHARSET=utf8mb4 COLLATE=utf8mb4_unicode_ci;

--
-- Dumping data for table `pegawais`
--

INSERT INTO `pegawais` (`nip`, `jabatan_id`, `nama`, `jenis_kelamin`, `email`, `password`, `foto`, `is_active`, `role`, `created_at`, `updated_at`, `deleted_at`) VALUES
('11750114705', 1, 'ICHWAN NUR DWI YOGA', 'Laki - Laki', 'ichwannurdwiyoga@gmail.com', '11750114705', 'Axg9ecRIDT0a2voAhKsoPaF196djz9alQRvGlude.jpg', '1', 2, '2023-05-16 23:30:25', '2023-05-16 23:30:25', NULL),
('2316478', 4, 'Paiman Narji Saefullah', 'Laki-laki', 'wulandari.ibrani@novitasari.in', '\"`+)g`+R537_vB', '', '1', 2, '2023-05-16 23:28:16', '2023-05-16 23:28:16', NULL),
('245547', 4, 'Talia Haryanti', 'Perempuan', 'knuraini@yulianti.in', 'Ei{-l5\'', '', '1', 2, '2023-05-16 23:28:16', '2023-05-16 23:28:16', NULL),
('3059643', 2, 'Bagiya Putra S.Pt', 'Perempuan', 'puspita.siti@mangunsong.biz.id', '`DS~:-Z\\Vx', '', '1', 2, '2023-05-16 23:28:16', '2023-05-16 23:28:16', NULL),
('3624080', 1, 'Zelda Aisyah Permata M.M.', 'Laki-laki', 'rendy70@fujiati.go.id', ')d_,d/>QmJp?', '', '1', 2, '2023-05-16 23:28:16', '2023-05-16 23:28:16', NULL),
('418870', 2, 'Kiandra Citra Fujiati S.E.I', 'Laki-laki', 'hariyah.kenari@yahoo.com', '-=:\'VFd=', '', '1', 2, '2023-05-16 23:28:16', '2023-05-16 23:28:16', NULL),
('4478958', 3, 'Icha Purwanti', 'Laki-laki', 'jyolanda@gmail.co.id', '96;&i\"WkU', '', '1', 2, '2023-05-16 23:28:16', '2023-05-16 23:28:16', NULL),
('4559108', 1, 'Jindra Nashiruddin S.Psi', 'Perempuan', 'betania53@gmail.co.id', 'm;I^BYT|-q4/$99\"q#0e', '', '1', 2, '2023-05-16 23:28:16', '2023-05-16 23:28:16', NULL),
('4749961', 4, 'Yessi Puspasari S.Gz', 'Laki-laki', 'faizah14@yahoo.co.id', 'Inz=j%', '', '1', 2, '2023-05-16 23:28:16', '2023-05-16 23:28:16', NULL),
('4904615', 1, 'Anom Hidayanto', 'Laki-laki', 'haryanti.indra@gmail.com', 'CSWTkbR%UC*fK', '', '1', 2, '2023-05-16 23:28:16', '2023-05-17 10:37:53', NULL),
('5291619', 2, 'Harjo Karta Damanik', 'Laki-laki', 'agnes93@yahoo.co.id', 'BH}x~w{irSS*?$eRG6', '', '1', 2, '2023-05-16 23:28:16', '2023-05-16 23:28:16', NULL),
('587281', 5, 'Yahya Prasetya S.Psi', 'Laki-laki', 'zelaya.winarno@rahimah.co', 'agR2(NN;XndSK', '', '1', 2, '2023-05-16 23:28:16', '2023-05-16 23:28:16', NULL),
('5881809', 5, 'Cahyanto Permadi', 'Laki-laki', 'amelia81@yahoo.com', '-A]<N3H}z/', '', '1', 2, '2023-05-16 23:28:16', '2023-05-16 23:28:16', NULL),
('6282943', 5, 'Mulya Bakda Siregar', 'Laki-laki', 'purnawati.liman@laksmiwati.net', 'eiC{&X7~H:s>|4ys', '', '1', 2, '2023-05-16 23:28:16', '2023-05-16 23:28:16', NULL),
('6796602', 1, 'Puti Lestari', 'Laki-laki', 'zoktaviani@gmail.co.id', 'skt,Ic@c]UE`[!%f', '', '1', 2, '2023-05-16 23:28:16', '2023-05-16 23:28:16', NULL),
('8049627', 4, 'Garan Harimurti Pangestu S.Sos', 'Perempuan', 'danu55@zulaika.tv', '/`A;%<5{*A<\'P$cRT{s', '', '1', 2, '2023-05-16 23:28:16', '2023-05-16 23:28:16', NULL),
('8331621', 4, 'Kunthara Budi Nugroho S.Farm', 'Laki-laki', 'rini.safitri@gmail.co.id', 'F<.;\"mUE@QH:S5{', '', '1', 2, '2023-05-16 23:28:16', '2023-05-16 23:28:16', NULL),
('8511923', 1, 'Virman Saptono S.I.Kom', 'Perempuan', 'dongoran.sakura@yahoo.co.id', 'j+^(6a)QmFpJ*', '', '1', 2, '2023-05-16 23:28:16', '2023-05-16 23:28:16', NULL),
('8753953', 2, 'Aurora Yessi Purwanti', 'Perempuan', 'csafitri@lailasari.my.id', 'Mgsx$L>$$@`0TP?I', '', '1', 2, '2023-05-16 23:28:16', '2023-05-16 23:28:16', NULL),
('8876551', 2, 'Carla Safitri', 'Laki-laki', 'siregar.harsaya@astuti.mil.id', '~lSg+Q', '', '1', 2, '2023-05-16 23:28:16', '2023-05-16 23:28:16', NULL),
('9872325', 2, 'Zizi Handayani', 'Laki-laki', 'ardianto.luis@sihotang.asia', 'G(czU9#;5V_@oK2\':', '', '1', 2, '2023-05-16 23:28:16', '2023-05-16 23:28:16', NULL);

-- --------------------------------------------------------

--
-- Table structure for table `personal_access_tokens`
--

CREATE TABLE `personal_access_tokens` (
  `id` bigint(20) UNSIGNED NOT NULL,
  `tokenable_type` varchar(255) NOT NULL,
  `tokenable_id` bigint(20) UNSIGNED NOT NULL,
  `name` varchar(255) NOT NULL,
  `token` varchar(64) NOT NULL,
  `abilities` text DEFAULT NULL,
  `last_used_at` timestamp NULL DEFAULT NULL,
  `expires_at` timestamp NULL DEFAULT NULL,
  `created_at` timestamp NULL DEFAULT NULL,
  `updated_at` timestamp NULL DEFAULT NULL
) ENGINE=InnoDB DEFAULT CHARSET=utf8mb4 COLLATE=utf8mb4_unicode_ci;

-- --------------------------------------------------------

--
-- Table structure for table `presensis`
--

CREATE TABLE `presensis` (
  `kode_presensi` varchar(255) NOT NULL,
  `jumlah_pegawai` int(11) NOT NULL,
  `jumlah_pegawai_masuk` int(11) DEFAULT NULL,
  `jumlah_pegawai_pulang` int(11) DEFAULT NULL,
  `jumlah_izin` int(11) DEFAULT NULL,
  `total_izin` int(11) DEFAULT NULL,
  `total` int(11) DEFAULT NULL,
  `tgl_presensi` varchar(255) DEFAULT NULL
) ENGINE=InnoDB DEFAULT CHARSET=utf8mb4 COLLATE=utf8mb4_unicode_ci;

--
-- Dumping data for table `presensis`
--

INSERT INTO `presensis` (`kode_presensi`, `jumlah_pegawai`, `jumlah_pegawai_masuk`, `jumlah_pegawai_pulang`, `jumlah_izin`, `total_izin`, `total`, `tgl_presensi`) VALUES
('7J8bR4ikh3Ul7j125KnWqC4CF', 21, NULL, NULL, NULL, NULL, NULL, '29-05-2023'),
('8RtGD23ValDV0aahRZI8mT33K', 21, NULL, NULL, NULL, NULL, NULL, '23-05-2023'),
('Auq6aCjt3HBFVyP8Id7PPpy4j', 21, NULL, NULL, NULL, NULL, NULL, '22-05-2023'),
('ceaGfvg4x6FAgr5x9cOS8Pppa', 21, 1, NULL, NULL, NULL, 1, '17-05-2023'),
('DfgiWC9NTnewyI0IJJUvkxcqV', 21, NULL, NULL, NULL, NULL, NULL, '18-08-2023'),
('JaO7lxQVhWO6JlIeqMs4bRCxy', 21, 1, 1, 2, NULL, 1, '18-05-2023'),
('jbGrQNTFmCgX1lOVAULwBLOZl', 21, 1, 1, 2, NULL, 1, '25-05-2023'),
('pXOnEirZjUCNSKJb4fEMiCOep', 21, NULL, NULL, NULL, NULL, NULL, '30-05-2023'),
('RDDJMvgiYCzIUXajZXqJTDNBm', 21, 1, 1, 2, NULL, 1, '21-05-2023'),
('tLxWkZKuFrEw4fgMdAtgT39z3', 21, 1, NULL, NULL, NULL, 1, '19-05-2023'),
('UtdkpbDJ21EFAhD0Dq5PRXHvE', 21, NULL, NULL, NULL, NULL, NULL, '05-06-2023'),
('vZAViadnXvCgcMKAYjt1i4PIV', 21, NULL, NULL, NULL, NULL, NULL, '20-05-2023');

-- --------------------------------------------------------

--
-- Table structure for table `presensi_details`
--

CREATE TABLE `presensi_details` (
  `id` bigint(20) UNSIGNED NOT NULL,
  `tgl_presensi` varchar(255) NOT NULL,
  `kode_presensi` varchar(255) NOT NULL,
  `nip` varchar(255) NOT NULL,
  `presensi_masuk` varchar(255) DEFAULT NULL,
  `status_masuk` int(11) DEFAULT NULL,
  `lat_masuk` varchar(255) DEFAULT NULL,
  `long_masuk` varchar(255) DEFAULT NULL,
  `presensi_pulang` varchar(255) DEFAULT NULL,
  `status_pulang` int(11) DEFAULT NULL,
  `lat_pulang` varchar(255) DEFAULT NULL,
  `long_pulang` varchar(255) DEFAULT NULL,
  `izin` varchar(255) DEFAULT NULL,
  `status_izin` int(11) DEFAULT NULL,
  `alasan` longtext DEFAULT NULL,
  `bukti_izin` varchar(255) DEFAULT NULL,
  `created_at` timestamp NULL DEFAULT NULL,
  `updated_at` timestamp NULL DEFAULT NULL
) ENGINE=InnoDB DEFAULT CHARSET=utf8mb4 COLLATE=utf8mb4_unicode_ci;

--
-- Dumping data for table `presensi_details`
--

INSERT INTO `presensi_details` (`id`, `tgl_presensi`, `kode_presensi`, `nip`, `presensi_masuk`, `status_masuk`, `lat_masuk`, `long_masuk`, `presensi_pulang`, `status_pulang`, `lat_pulang`, `long_pulang`, `izin`, `status_izin`, `alasan`, `bukti_izin`, `created_at`, `updated_at`) VALUES
(1, '2023-05-17', 'ceaGfvg4x6FAgr5x9cOS8Pppa', '11750114705', NULL, NULL, '0.4644565', '101.0130511', NULL, NULL, '0.4646229', '101.0130163', NULL, NULL, 'Lorem ipsum dolor sit amet, consectetur adipiscing elit. Integer nec malesuada justo. Vestibulum felis ipsum, dictum id massa a, tincidunt interdum urna. Aenean ultrices, tortor vitae congue fermentum, mauris dui luctus enim, quis feugiat ligula odio ac nisi. Quisque tempus ipsum quis pretium pulvinar.', '', NULL, '2023-05-17 14:36:46'),
(2, '2023-05-17', 'ceaGfvg4x6FAgr5x9cOS8Pppa', '2316478', NULL, 0, NULL, NULL, NULL, NULL, NULL, NULL, '07:44', 0, NULL, NULL, NULL, '2023-05-17 14:34:27'),
(3, '2023-05-17', 'ceaGfvg4x6FAgr5x9cOS8Pppa', '245547', 'izin', NULL, NULL, NULL, 'izin', NULL, NULL, NULL, '07:44', 0, NULL, NULL, NULL, '2023-05-17 13:31:07'),
(4, '2023-05-17', 'ceaGfvg4x6FAgr5x9cOS8Pppa', '3059643', '07:35:05', NULL, NULL, NULL, NULL, NULL, NULL, NULL, NULL, NULL, NULL, NULL, NULL, NULL),
(5, '2023-05-17', 'ceaGfvg4x6FAgr5x9cOS8Pppa', '3624080', NULL, NULL, NULL, NULL, NULL, NULL, NULL, NULL, NULL, NULL, NULL, NULL, NULL, NULL),
(6, '2023-05-17', 'ceaGfvg4x6FAgr5x9cOS8Pppa', '418870', NULL, NULL, NULL, NULL, NULL, NULL, NULL, NULL, NULL, NULL, NULL, NULL, NULL, NULL),
(7, '2023-05-17', 'ceaGfvg4x6FAgr5x9cOS8Pppa', '4478958', NULL, NULL, NULL, NULL, NULL, NULL, NULL, NULL, NULL, NULL, NULL, NULL, NULL, NULL),
(8, '2023-05-17', 'ceaGfvg4x6FAgr5x9cOS8Pppa', '4559108', NULL, NULL, NULL, NULL, NULL, NULL, NULL, NULL, NULL, NULL, NULL, NULL, NULL, NULL),
(9, '2023-05-17', 'ceaGfvg4x6FAgr5x9cOS8Pppa', '4749961', NULL, NULL, NULL, NULL, NULL, NULL, NULL, NULL, NULL, NULL, NULL, NULL, NULL, NULL),
(10, '2023-05-17', 'ceaGfvg4x6FAgr5x9cOS8Pppa', '4904615', NULL, NULL, NULL, NULL, NULL, NULL, NULL, NULL, NULL, NULL, NULL, NULL, NULL, NULL),
(11, '2023-05-17', 'ceaGfvg4x6FAgr5x9cOS8Pppa', '5291619', NULL, NULL, NULL, NULL, NULL, NULL, NULL, NULL, NULL, NULL, NULL, NULL, NULL, NULL),
(12, '2023-05-17', 'ceaGfvg4x6FAgr5x9cOS8Pppa', '587281', NULL, NULL, NULL, NULL, NULL, NULL, NULL, NULL, NULL, NULL, NULL, NULL, NULL, NULL),
(13, '2023-05-17', 'ceaGfvg4x6FAgr5x9cOS8Pppa', '5881809', NULL, NULL, NULL, NULL, NULL, NULL, NULL, NULL, NULL, NULL, NULL, NULL, NULL, NULL),
(14, '2023-05-17', 'ceaGfvg4x6FAgr5x9cOS8Pppa', '6282943', NULL, NULL, NULL, NULL, NULL, NULL, NULL, NULL, NULL, NULL, NULL, NULL, NULL, NULL),
(15, '2023-05-17', 'ceaGfvg4x6FAgr5x9cOS8Pppa', '6796602', NULL, NULL, NULL, NULL, NULL, NULL, NULL, NULL, NULL, NULL, NULL, NULL, NULL, NULL),
(16, '2023-05-17', 'ceaGfvg4x6FAgr5x9cOS8Pppa', '8049627', NULL, NULL, NULL, NULL, NULL, NULL, NULL, NULL, NULL, NULL, NULL, NULL, NULL, NULL),
(17, '2023-05-17', 'ceaGfvg4x6FAgr5x9cOS8Pppa', '8331621', NULL, NULL, NULL, NULL, NULL, NULL, NULL, NULL, NULL, NULL, NULL, NULL, NULL, NULL),
(18, '2023-05-17', 'ceaGfvg4x6FAgr5x9cOS8Pppa', '8511923', NULL, NULL, NULL, NULL, NULL, NULL, NULL, NULL, NULL, NULL, NULL, NULL, NULL, NULL),
(19, '2023-05-17', 'ceaGfvg4x6FAgr5x9cOS8Pppa', '8753953', NULL, NULL, NULL, NULL, NULL, NULL, NULL, NULL, NULL, NULL, NULL, NULL, NULL, NULL),
(20, '2023-05-17', 'ceaGfvg4x6FAgr5x9cOS8Pppa', '8876551', NULL, NULL, NULL, NULL, NULL, NULL, NULL, NULL, NULL, NULL, NULL, NULL, NULL, NULL),
(21, '2023-05-17', 'ceaGfvg4x6FAgr5x9cOS8Pppa', '9872325', NULL, NULL, NULL, NULL, NULL, NULL, NULL, NULL, NULL, NULL, NULL, NULL, NULL, NULL),
(22, '2023-05-18', 'JaO7lxQVhWO6JlIeqMs4bRCxy', '11750114705', '04:18:00', 0, '0.4644725', '101.0129986', '06:15:29', NULL, NULL, NULL, '0', 1, 'gabut', '', NULL, '2023-05-17 23:15:29'),
(23, '2023-05-18', 'JaO7lxQVhWO6JlIeqMs4bRCxy', '2316478', 'izin', NULL, NULL, NULL, 'izin', NULL, NULL, NULL, '0', 1, NULL, NULL, NULL, '2023-05-17 23:25:16'),
(24, '2023-05-18', 'JaO7lxQVhWO6JlIeqMs4bRCxy', '245547', NULL, NULL, NULL, NULL, NULL, NULL, NULL, NULL, NULL, NULL, NULL, NULL, NULL, NULL),
(25, '2023-05-18', 'JaO7lxQVhWO6JlIeqMs4bRCxy', '3059643', NULL, NULL, NULL, NULL, NULL, NULL, NULL, NULL, NULL, NULL, NULL, NULL, NULL, NULL),
(26, '2023-05-18', 'JaO7lxQVhWO6JlIeqMs4bRCxy', '3624080', NULL, NULL, NULL, NULL, NULL, NULL, NULL, NULL, NULL, NULL, NULL, NULL, NULL, NULL),
(27, '2023-05-18', 'JaO7lxQVhWO6JlIeqMs4bRCxy', '418870', NULL, NULL, NULL, NULL, NULL, NULL, NULL, NULL, NULL, NULL, NULL, NULL, NULL, NULL),
(28, '2023-05-18', 'JaO7lxQVhWO6JlIeqMs4bRCxy', '4478958', NULL, NULL, NULL, NULL, NULL, NULL, NULL, NULL, NULL, NULL, NULL, NULL, NULL, NULL),
(29, '2023-05-18', 'JaO7lxQVhWO6JlIeqMs4bRCxy', '4559108', NULL, NULL, NULL, NULL, NULL, NULL, NULL, NULL, NULL, NULL, NULL, NULL, NULL, NULL),
(30, '2023-05-18', 'JaO7lxQVhWO6JlIeqMs4bRCxy', '4749961', NULL, NULL, NULL, NULL, NULL, NULL, NULL, NULL, NULL, NULL, NULL, NULL, NULL, NULL),
(31, '2023-05-18', 'JaO7lxQVhWO6JlIeqMs4bRCxy', '4904615', NULL, NULL, NULL, NULL, NULL, NULL, NULL, NULL, NULL, NULL, NULL, NULL, NULL, NULL),
(32, '2023-05-18', 'JaO7lxQVhWO6JlIeqMs4bRCxy', '5291619', NULL, NULL, NULL, NULL, NULL, NULL, NULL, NULL, NULL, NULL, NULL, NULL, NULL, NULL),
(33, '2023-05-18', 'JaO7lxQVhWO6JlIeqMs4bRCxy', '587281', NULL, NULL, NULL, NULL, NULL, NULL, NULL, NULL, NULL, NULL, NULL, NULL, NULL, NULL),
(34, '2023-05-18', 'JaO7lxQVhWO6JlIeqMs4bRCxy', '5881809', NULL, NULL, NULL, NULL, NULL, NULL, NULL, NULL, NULL, NULL, NULL, NULL, NULL, NULL),
(35, '2023-05-18', 'JaO7lxQVhWO6JlIeqMs4bRCxy', '6282943', NULL, NULL, NULL, NULL, NULL, NULL, NULL, NULL, NULL, NULL, NULL, NULL, NULL, NULL),
(36, '2023-05-18', 'JaO7lxQVhWO6JlIeqMs4bRCxy', '6796602', NULL, NULL, NULL, NULL, NULL, NULL, NULL, NULL, NULL, NULL, NULL, NULL, NULL, NULL),
(37, '2023-05-18', 'JaO7lxQVhWO6JlIeqMs4bRCxy', '8049627', NULL, NULL, NULL, NULL, NULL, NULL, NULL, NULL, NULL, NULL, NULL, NULL, NULL, NULL),
(38, '2023-05-18', 'JaO7lxQVhWO6JlIeqMs4bRCxy', '8331621', NULL, NULL, NULL, NULL, NULL, NULL, NULL, NULL, NULL, NULL, NULL, NULL, NULL, NULL),
(39, '2023-05-18', 'JaO7lxQVhWO6JlIeqMs4bRCxy', '8511923', NULL, NULL, NULL, NULL, NULL, NULL, NULL, NULL, NULL, NULL, NULL, NULL, NULL, NULL),
(40, '2023-05-18', 'JaO7lxQVhWO6JlIeqMs4bRCxy', '8753953', NULL, NULL, NULL, NULL, NULL, NULL, NULL, NULL, NULL, NULL, NULL, NULL, NULL, NULL),
(41, '2023-05-18', 'JaO7lxQVhWO6JlIeqMs4bRCxy', '8876551', NULL, NULL, NULL, NULL, NULL, NULL, NULL, NULL, NULL, NULL, NULL, NULL, NULL, NULL),
(42, '2023-05-18', 'JaO7lxQVhWO6JlIeqMs4bRCxy', '9872325', NULL, NULL, NULL, NULL, NULL, NULL, NULL, NULL, NULL, NULL, NULL, NULL, NULL, NULL),
(43, '2023-05-19', 'tLxWkZKuFrEw4fgMdAtgT39z3', '11750114705', '09:17:31', 1, '0.4644618', '101.0130616', NULL, NULL, NULL, NULL, NULL, NULL, NULL, NULL, NULL, '2023-05-19 02:17:31'),
(44, '2023-05-19', 'tLxWkZKuFrEw4fgMdAtgT39z3', '2316478', NULL, NULL, NULL, NULL, NULL, NULL, NULL, NULL, NULL, NULL, NULL, NULL, NULL, NULL),
(45, '2023-05-19', 'tLxWkZKuFrEw4fgMdAtgT39z3', '245547', NULL, NULL, NULL, NULL, NULL, NULL, NULL, NULL, NULL, NULL, NULL, NULL, NULL, NULL),
(46, '2023-05-19', 'tLxWkZKuFrEw4fgMdAtgT39z3', '3059643', NULL, NULL, NULL, NULL, NULL, NULL, NULL, NULL, NULL, NULL, NULL, NULL, NULL, NULL),
(47, '2023-05-19', 'tLxWkZKuFrEw4fgMdAtgT39z3', '3624080', NULL, NULL, NULL, NULL, NULL, NULL, NULL, NULL, NULL, NULL, NULL, NULL, NULL, NULL),
(48, '2023-05-19', 'tLxWkZKuFrEw4fgMdAtgT39z3', '418870', NULL, NULL, NULL, NULL, NULL, NULL, NULL, NULL, NULL, NULL, NULL, NULL, NULL, NULL),
(49, '2023-05-19', 'tLxWkZKuFrEw4fgMdAtgT39z3', '4478958', NULL, NULL, NULL, NULL, NULL, NULL, NULL, NULL, NULL, NULL, NULL, NULL, NULL, NULL),
(50, '2023-05-19', 'tLxWkZKuFrEw4fgMdAtgT39z3', '4559108', NULL, NULL, NULL, NULL, NULL, NULL, NULL, NULL, NULL, NULL, NULL, NULL, NULL, NULL),
(51, '2023-05-19', 'tLxWkZKuFrEw4fgMdAtgT39z3', '4749961', NULL, NULL, NULL, NULL, NULL, NULL, NULL, NULL, NULL, NULL, NULL, NULL, NULL, NULL),
(52, '2023-05-19', 'tLxWkZKuFrEw4fgMdAtgT39z3', '4904615', NULL, NULL, NULL, NULL, NULL, NULL, NULL, NULL, NULL, NULL, NULL, NULL, NULL, NULL),
(53, '2023-05-19', 'tLxWkZKuFrEw4fgMdAtgT39z3', '5291619', NULL, NULL, NULL, NULL, NULL, NULL, NULL, NULL, NULL, NULL, NULL, NULL, NULL, NULL),
(54, '2023-05-19', 'tLxWkZKuFrEw4fgMdAtgT39z3', '587281', NULL, NULL, NULL, NULL, NULL, NULL, NULL, NULL, NULL, NULL, NULL, NULL, NULL, NULL),
(55, '2023-05-19', 'tLxWkZKuFrEw4fgMdAtgT39z3', '5881809', NULL, NULL, NULL, NULL, NULL, NULL, NULL, NULL, NULL, NULL, NULL, NULL, NULL, NULL),
(56, '2023-05-19', 'tLxWkZKuFrEw4fgMdAtgT39z3', '6282943', NULL, NULL, NULL, NULL, NULL, NULL, NULL, NULL, NULL, NULL, NULL, NULL, NULL, NULL),
(57, '2023-05-19', 'tLxWkZKuFrEw4fgMdAtgT39z3', '6796602', NULL, NULL, NULL, NULL, NULL, NULL, NULL, NULL, NULL, NULL, NULL, NULL, NULL, NULL),
(58, '2023-05-19', 'tLxWkZKuFrEw4fgMdAtgT39z3', '8049627', NULL, NULL, NULL, NULL, NULL, NULL, NULL, NULL, NULL, NULL, NULL, NULL, NULL, NULL),
(59, '2023-05-19', 'tLxWkZKuFrEw4fgMdAtgT39z3', '8331621', NULL, NULL, NULL, NULL, NULL, NULL, NULL, NULL, NULL, NULL, NULL, NULL, NULL, NULL),
(60, '2023-05-19', 'tLxWkZKuFrEw4fgMdAtgT39z3', '8511923', NULL, NULL, NULL, NULL, NULL, NULL, NULL, NULL, NULL, NULL, NULL, NULL, NULL, NULL),
(61, '2023-05-19', 'tLxWkZKuFrEw4fgMdAtgT39z3', '8753953', NULL, NULL, NULL, NULL, NULL, NULL, NULL, NULL, NULL, NULL, NULL, NULL, NULL, NULL),
(62, '2023-05-19', 'tLxWkZKuFrEw4fgMdAtgT39z3', '8876551', NULL, NULL, NULL, NULL, NULL, NULL, NULL, NULL, NULL, NULL, NULL, NULL, NULL, NULL),
(63, '2023-05-19', 'tLxWkZKuFrEw4fgMdAtgT39z3', '9872325', NULL, NULL, NULL, NULL, NULL, NULL, NULL, NULL, NULL, NULL, NULL, NULL, NULL, NULL),
(64, '2023-05-20', 'vZAViadnXvCgcMKAYjt1i4PIV', '11750114705', NULL, NULL, NULL, NULL, NULL, NULL, NULL, NULL, NULL, NULL, NULL, NULL, NULL, NULL),
(65, '2023-05-20', 'vZAViadnXvCgcMKAYjt1i4PIV', '2316478', NULL, NULL, NULL, NULL, NULL, NULL, NULL, NULL, NULL, NULL, NULL, NULL, NULL, NULL),
(66, '2023-05-20', 'vZAViadnXvCgcMKAYjt1i4PIV', '245547', NULL, NULL, NULL, NULL, NULL, NULL, NULL, NULL, NULL, NULL, NULL, NULL, NULL, NULL),
(67, '2023-05-20', 'vZAViadnXvCgcMKAYjt1i4PIV', '3059643', NULL, NULL, NULL, NULL, NULL, NULL, NULL, NULL, NULL, NULL, NULL, NULL, NULL, NULL),
(68, '2023-05-20', 'vZAViadnXvCgcMKAYjt1i4PIV', '3624080', NULL, NULL, NULL, NULL, NULL, NULL, NULL, NULL, NULL, NULL, NULL, NULL, NULL, NULL),
(69, '2023-05-20', 'vZAViadnXvCgcMKAYjt1i4PIV', '418870', NULL, NULL, NULL, NULL, NULL, NULL, NULL, NULL, NULL, NULL, NULL, NULL, NULL, NULL),
(70, '2023-05-20', 'vZAViadnXvCgcMKAYjt1i4PIV', '4478958', NULL, NULL, NULL, NULL, NULL, NULL, NULL, NULL, NULL, NULL, NULL, NULL, NULL, NULL),
(71, '2023-05-20', 'vZAViadnXvCgcMKAYjt1i4PIV', '4559108', NULL, NULL, NULL, NULL, NULL, NULL, NULL, NULL, NULL, NULL, NULL, NULL, NULL, NULL),
(72, '2023-05-20', 'vZAViadnXvCgcMKAYjt1i4PIV', '4749961', NULL, NULL, NULL, NULL, NULL, NULL, NULL, NULL, NULL, NULL, NULL, NULL, NULL, NULL),
(73, '2023-05-20', 'vZAViadnXvCgcMKAYjt1i4PIV', '4904615', NULL, NULL, NULL, NULL, NULL, NULL, NULL, NULL, NULL, NULL, NULL, NULL, NULL, NULL),
(74, '2023-05-20', 'vZAViadnXvCgcMKAYjt1i4PIV', '5291619', NULL, NULL, NULL, NULL, NULL, NULL, NULL, NULL, NULL, NULL, NULL, NULL, NULL, NULL),
(75, '2023-05-20', 'vZAViadnXvCgcMKAYjt1i4PIV', '587281', NULL, NULL, NULL, NULL, NULL, NULL, NULL, NULL, NULL, NULL, NULL, NULL, NULL, NULL),
(76, '2023-05-20', 'vZAViadnXvCgcMKAYjt1i4PIV', '5881809', NULL, NULL, NULL, NULL, NULL, NULL, NULL, NULL, NULL, NULL, NULL, NULL, NULL, NULL),
(77, '2023-05-20', 'vZAViadnXvCgcMKAYjt1i4PIV', '6282943', NULL, NULL, NULL, NULL, NULL, NULL, NULL, NULL, NULL, NULL, NULL, NULL, NULL, NULL),
(78, '2023-05-20', 'vZAViadnXvCgcMKAYjt1i4PIV', '6796602', NULL, NULL, NULL, NULL, NULL, NULL, NULL, NULL, NULL, NULL, NULL, NULL, NULL, NULL),
(79, '2023-05-20', 'vZAViadnXvCgcMKAYjt1i4PIV', '8049627', NULL, NULL, NULL, NULL, NULL, NULL, NULL, NULL, NULL, NULL, NULL, NULL, NULL, NULL),
(80, '2023-05-20', 'vZAViadnXvCgcMKAYjt1i4PIV', '8331621', NULL, NULL, NULL, NULL, NULL, NULL, NULL, NULL, NULL, NULL, NULL, NULL, NULL, NULL),
(81, '2023-05-20', 'vZAViadnXvCgcMKAYjt1i4PIV', '8511923', NULL, NULL, NULL, NULL, NULL, NULL, NULL, NULL, NULL, NULL, NULL, NULL, NULL, NULL),
(82, '2023-05-20', 'vZAViadnXvCgcMKAYjt1i4PIV', '8753953', NULL, NULL, NULL, NULL, NULL, NULL, NULL, NULL, NULL, NULL, NULL, NULL, NULL, NULL),
(83, '2023-05-20', 'vZAViadnXvCgcMKAYjt1i4PIV', '8876551', NULL, NULL, NULL, NULL, NULL, NULL, NULL, NULL, NULL, NULL, NULL, NULL, NULL, NULL),
(84, '2023-05-20', 'vZAViadnXvCgcMKAYjt1i4PIV', '9872325', NULL, NULL, NULL, NULL, NULL, NULL, NULL, NULL, NULL, NULL, NULL, NULL, NULL, NULL),
(85, '2023-05-21', 'RDDJMvgiYCzIUXajZXqJTDNBm', '11750114705', '05:50:52', 0, '0.4644132', '101.0130148', '07:56:49', NULL, NULL, NULL, '06:38:39', 2, 'gabut aja', '', NULL, '2023-05-21 00:56:49'),
(86, '2023-05-21', 'RDDJMvgiYCzIUXajZXqJTDNBm', '2316478', NULL, NULL, NULL, NULL, NULL, NULL, NULL, NULL, NULL, NULL, NULL, NULL, NULL, NULL),
(87, '2023-05-21', 'RDDJMvgiYCzIUXajZXqJTDNBm', '245547', NULL, NULL, NULL, NULL, NULL, NULL, NULL, NULL, NULL, NULL, NULL, NULL, NULL, NULL),
(88, '2023-05-21', 'RDDJMvgiYCzIUXajZXqJTDNBm', '3059643', NULL, NULL, NULL, NULL, NULL, NULL, NULL, NULL, NULL, NULL, NULL, NULL, NULL, NULL),
(89, '2023-05-21', 'RDDJMvgiYCzIUXajZXqJTDNBm', '3624080', NULL, NULL, NULL, NULL, NULL, NULL, NULL, NULL, NULL, NULL, NULL, NULL, NULL, NULL),
(90, '2023-05-21', 'RDDJMvgiYCzIUXajZXqJTDNBm', '418870', NULL, NULL, NULL, NULL, NULL, NULL, NULL, NULL, NULL, NULL, NULL, NULL, NULL, NULL),
(91, '2023-05-21', 'RDDJMvgiYCzIUXajZXqJTDNBm', '4478958', NULL, NULL, NULL, NULL, NULL, NULL, NULL, NULL, NULL, NULL, NULL, NULL, NULL, NULL),
(92, '2023-05-21', 'RDDJMvgiYCzIUXajZXqJTDNBm', '4559108', NULL, NULL, NULL, NULL, NULL, NULL, NULL, NULL, NULL, NULL, NULL, NULL, NULL, NULL),
(93, '2023-05-21', 'RDDJMvgiYCzIUXajZXqJTDNBm', '4749961', NULL, NULL, NULL, NULL, NULL, NULL, NULL, NULL, NULL, NULL, NULL, NULL, NULL, NULL),
(94, '2023-05-21', 'RDDJMvgiYCzIUXajZXqJTDNBm', '4904615', NULL, NULL, NULL, NULL, NULL, NULL, NULL, NULL, NULL, NULL, NULL, NULL, NULL, NULL),
(95, '2023-05-21', 'RDDJMvgiYCzIUXajZXqJTDNBm', '5291619', NULL, NULL, NULL, NULL, NULL, NULL, NULL, NULL, NULL, NULL, NULL, NULL, NULL, NULL),
(96, '2023-05-21', 'RDDJMvgiYCzIUXajZXqJTDNBm', '587281', NULL, NULL, NULL, NULL, NULL, NULL, NULL, NULL, NULL, NULL, NULL, NULL, NULL, NULL),
(97, '2023-05-21', 'RDDJMvgiYCzIUXajZXqJTDNBm', '5881809', NULL, NULL, NULL, NULL, NULL, NULL, NULL, NULL, NULL, NULL, NULL, NULL, NULL, NULL),
(98, '2023-05-21', 'RDDJMvgiYCzIUXajZXqJTDNBm', '6282943', NULL, NULL, NULL, NULL, NULL, NULL, NULL, NULL, NULL, NULL, NULL, NULL, NULL, NULL),
(99, '2023-05-21', 'RDDJMvgiYCzIUXajZXqJTDNBm', '6796602', NULL, NULL, NULL, NULL, NULL, NULL, NULL, NULL, NULL, NULL, NULL, NULL, NULL, NULL),
(100, '2023-05-21', 'RDDJMvgiYCzIUXajZXqJTDNBm', '8049627', NULL, NULL, NULL, NULL, NULL, NULL, NULL, NULL, NULL, NULL, NULL, NULL, NULL, NULL),
(101, '2023-05-21', 'RDDJMvgiYCzIUXajZXqJTDNBm', '8331621', NULL, NULL, NULL, NULL, NULL, NULL, NULL, NULL, NULL, NULL, NULL, NULL, NULL, NULL),
(102, '2023-05-21', 'RDDJMvgiYCzIUXajZXqJTDNBm', '8511923', NULL, NULL, NULL, NULL, NULL, NULL, NULL, NULL, NULL, NULL, NULL, NULL, NULL, NULL),
(103, '2023-05-21', 'RDDJMvgiYCzIUXajZXqJTDNBm', '8753953', NULL, NULL, NULL, NULL, NULL, NULL, NULL, NULL, NULL, NULL, NULL, NULL, NULL, NULL),
(104, '2023-05-21', 'RDDJMvgiYCzIUXajZXqJTDNBm', '8876551', NULL, NULL, NULL, NULL, NULL, NULL, NULL, NULL, NULL, NULL, NULL, NULL, NULL, NULL),
(105, '2023-05-21', 'RDDJMvgiYCzIUXajZXqJTDNBm', '9872325', NULL, NULL, NULL, NULL, NULL, NULL, NULL, NULL, NULL, NULL, NULL, NULL, NULL, NULL),
(106, '2023-05-22', 'Auq6aCjt3HBFVyP8Id7PPpy4j', '11750114705', NULL, NULL, NULL, NULL, NULL, NULL, NULL, NULL, NULL, NULL, NULL, NULL, NULL, NULL),
(107, '2023-05-22', 'Auq6aCjt3HBFVyP8Id7PPpy4j', '2316478', NULL, NULL, NULL, NULL, NULL, NULL, NULL, NULL, NULL, NULL, NULL, NULL, NULL, NULL),
(108, '2023-05-22', 'Auq6aCjt3HBFVyP8Id7PPpy4j', '245547', NULL, NULL, NULL, NULL, NULL, NULL, NULL, NULL, NULL, NULL, NULL, NULL, NULL, NULL),
(109, '2023-05-22', 'Auq6aCjt3HBFVyP8Id7PPpy4j', '3059643', NULL, NULL, NULL, NULL, NULL, NULL, NULL, NULL, NULL, NULL, NULL, NULL, NULL, NULL),
(110, '2023-05-22', 'Auq6aCjt3HBFVyP8Id7PPpy4j', '3624080', NULL, NULL, NULL, NULL, NULL, NULL, NULL, NULL, NULL, NULL, NULL, NULL, NULL, NULL),
(111, '2023-05-22', 'Auq6aCjt3HBFVyP8Id7PPpy4j', '418870', NULL, NULL, NULL, NULL, NULL, NULL, NULL, NULL, NULL, NULL, NULL, NULL, NULL, NULL),
(112, '2023-05-22', 'Auq6aCjt3HBFVyP8Id7PPpy4j', '4478958', NULL, NULL, NULL, NULL, NULL, NULL, NULL, NULL, NULL, NULL, NULL, NULL, NULL, NULL),
(113, '2023-05-22', 'Auq6aCjt3HBFVyP8Id7PPpy4j', '4559108', NULL, NULL, NULL, NULL, NULL, NULL, NULL, NULL, NULL, NULL, NULL, NULL, NULL, NULL),
(114, '2023-05-22', 'Auq6aCjt3HBFVyP8Id7PPpy4j', '4749961', NULL, NULL, NULL, NULL, NULL, NULL, NULL, NULL, NULL, NULL, NULL, NULL, NULL, NULL),
(115, '2023-05-22', 'Auq6aCjt3HBFVyP8Id7PPpy4j', '4904615', NULL, NULL, NULL, NULL, NULL, NULL, NULL, NULL, NULL, NULL, NULL, NULL, NULL, NULL),
(116, '2023-05-22', 'Auq6aCjt3HBFVyP8Id7PPpy4j', '5291619', NULL, NULL, NULL, NULL, NULL, NULL, NULL, NULL, NULL, NULL, NULL, NULL, NULL, NULL),
(117, '2023-05-22', 'Auq6aCjt3HBFVyP8Id7PPpy4j', '587281', NULL, NULL, NULL, NULL, NULL, NULL, NULL, NULL, NULL, NULL, NULL, NULL, NULL, NULL),
(118, '2023-05-22', 'Auq6aCjt3HBFVyP8Id7PPpy4j', '5881809', NULL, NULL, NULL, NULL, NULL, NULL, NULL, NULL, NULL, NULL, NULL, NULL, NULL, NULL),
(119, '2023-05-22', 'Auq6aCjt3HBFVyP8Id7PPpy4j', '6282943', NULL, NULL, NULL, NULL, NULL, NULL, NULL, NULL, NULL, NULL, NULL, NULL, NULL, NULL),
(120, '2023-05-22', 'Auq6aCjt3HBFVyP8Id7PPpy4j', '6796602', NULL, NULL, NULL, NULL, NULL, NULL, NULL, NULL, NULL, NULL, NULL, NULL, NULL, NULL),
(121, '2023-05-22', 'Auq6aCjt3HBFVyP8Id7PPpy4j', '8049627', NULL, NULL, NULL, NULL, NULL, NULL, NULL, NULL, NULL, NULL, NULL, NULL, NULL, NULL),
(122, '2023-05-22', 'Auq6aCjt3HBFVyP8Id7PPpy4j', '8331621', NULL, NULL, NULL, NULL, NULL, NULL, NULL, NULL, NULL, NULL, NULL, NULL, NULL, NULL),
(123, '2023-05-22', 'Auq6aCjt3HBFVyP8Id7PPpy4j', '8511923', NULL, NULL, NULL, NULL, NULL, NULL, NULL, NULL, NULL, NULL, NULL, NULL, NULL, NULL),
(124, '2023-05-22', 'Auq6aCjt3HBFVyP8Id7PPpy4j', '8753953', NULL, NULL, NULL, NULL, NULL, NULL, NULL, NULL, NULL, NULL, NULL, NULL, NULL, NULL),
(125, '2023-05-22', 'Auq6aCjt3HBFVyP8Id7PPpy4j', '8876551', NULL, NULL, NULL, NULL, NULL, NULL, NULL, NULL, NULL, NULL, NULL, NULL, NULL, NULL),
(126, '2023-05-22', 'Auq6aCjt3HBFVyP8Id7PPpy4j', '9872325', NULL, NULL, NULL, NULL, NULL, NULL, NULL, NULL, NULL, NULL, NULL, NULL, NULL, NULL),
(127, '2023-05-23', '8RtGD23ValDV0aahRZI8mT33K', '11750114705', NULL, NULL, NULL, NULL, NULL, NULL, NULL, NULL, NULL, NULL, NULL, NULL, NULL, NULL),
(128, '2023-05-23', '8RtGD23ValDV0aahRZI8mT33K', '2316478', NULL, NULL, NULL, NULL, NULL, NULL, NULL, NULL, NULL, NULL, NULL, NULL, NULL, NULL),
(129, '2023-05-23', '8RtGD23ValDV0aahRZI8mT33K', '245547', NULL, NULL, NULL, NULL, NULL, NULL, NULL, NULL, NULL, NULL, NULL, NULL, NULL, NULL),
(130, '2023-05-23', '8RtGD23ValDV0aahRZI8mT33K', '3059643', NULL, NULL, NULL, NULL, NULL, NULL, NULL, NULL, NULL, NULL, NULL, NULL, NULL, NULL),
(131, '2023-05-23', '8RtGD23ValDV0aahRZI8mT33K', '3624080', NULL, NULL, NULL, NULL, NULL, NULL, NULL, NULL, NULL, NULL, NULL, NULL, NULL, NULL),
(132, '2023-05-23', '8RtGD23ValDV0aahRZI8mT33K', '418870', NULL, NULL, NULL, NULL, NULL, NULL, NULL, NULL, NULL, NULL, NULL, NULL, NULL, NULL),
(133, '2023-05-23', '8RtGD23ValDV0aahRZI8mT33K', '4478958', NULL, NULL, NULL, NULL, NULL, NULL, NULL, NULL, NULL, NULL, NULL, NULL, NULL, NULL),
(134, '2023-05-23', '8RtGD23ValDV0aahRZI8mT33K', '4559108', NULL, NULL, NULL, NULL, NULL, NULL, NULL, NULL, NULL, NULL, NULL, NULL, NULL, NULL),
(135, '2023-05-23', '8RtGD23ValDV0aahRZI8mT33K', '4749961', NULL, NULL, NULL, NULL, NULL, NULL, NULL, NULL, NULL, NULL, NULL, NULL, NULL, NULL),
(136, '2023-05-23', '8RtGD23ValDV0aahRZI8mT33K', '4904615', NULL, NULL, NULL, NULL, NULL, NULL, NULL, NULL, NULL, NULL, NULL, NULL, NULL, NULL),
(137, '2023-05-23', '8RtGD23ValDV0aahRZI8mT33K', '5291619', NULL, NULL, NULL, NULL, NULL, NULL, NULL, NULL, NULL, NULL, NULL, NULL, NULL, NULL),
(138, '2023-05-23', '8RtGD23ValDV0aahRZI8mT33K', '587281', NULL, NULL, NULL, NULL, NULL, NULL, NULL, NULL, NULL, NULL, NULL, NULL, NULL, NULL),
(139, '2023-05-23', '8RtGD23ValDV0aahRZI8mT33K', '5881809', NULL, NULL, NULL, NULL, NULL, NULL, NULL, NULL, NULL, NULL, NULL, NULL, NULL, NULL),
(140, '2023-05-23', '8RtGD23ValDV0aahRZI8mT33K', '6282943', NULL, NULL, NULL, NULL, NULL, NULL, NULL, NULL, NULL, NULL, NULL, NULL, NULL, NULL),
(141, '2023-05-23', '8RtGD23ValDV0aahRZI8mT33K', '6796602', NULL, NULL, NULL, NULL, NULL, NULL, NULL, NULL, NULL, NULL, NULL, NULL, NULL, NULL),
(142, '2023-05-23', '8RtGD23ValDV0aahRZI8mT33K', '8049627', NULL, NULL, NULL, NULL, NULL, NULL, NULL, NULL, NULL, NULL, NULL, NULL, NULL, NULL),
(143, '2023-05-23', '8RtGD23ValDV0aahRZI8mT33K', '8331621', NULL, NULL, NULL, NULL, NULL, NULL, NULL, NULL, NULL, NULL, NULL, NULL, NULL, NULL),
(144, '2023-05-23', '8RtGD23ValDV0aahRZI8mT33K', '8511923', NULL, NULL, NULL, NULL, NULL, NULL, NULL, NULL, NULL, NULL, NULL, NULL, NULL, NULL),
(145, '2023-05-23', '8RtGD23ValDV0aahRZI8mT33K', '8753953', NULL, NULL, NULL, NULL, NULL, NULL, NULL, NULL, NULL, NULL, NULL, NULL, NULL, NULL),
(146, '2023-05-23', '8RtGD23ValDV0aahRZI8mT33K', '8876551', NULL, NULL, NULL, NULL, NULL, NULL, NULL, NULL, NULL, NULL, NULL, NULL, NULL, NULL),
(147, '2023-05-23', '8RtGD23ValDV0aahRZI8mT33K', '9872325', NULL, NULL, NULL, NULL, NULL, NULL, NULL, NULL, NULL, NULL, NULL, NULL, NULL, NULL),
(148, '2023-05-25', 'jbGrQNTFmCgX1lOVAULwBLOZl', '11750114705', '11:38:09', 1, '0.468295', '101.3559163', '11:39:54', NULL, NULL, NULL, '11:38:56', 2, 'sakit', '', NULL, '2023-05-25 04:39:54'),
(149, '2023-05-25', 'jbGrQNTFmCgX1lOVAULwBLOZl', '2316478', NULL, NULL, NULL, NULL, NULL, NULL, NULL, NULL, NULL, NULL, NULL, NULL, NULL, NULL),
(150, '2023-05-25', 'jbGrQNTFmCgX1lOVAULwBLOZl', '245547', NULL, NULL, NULL, NULL, NULL, NULL, NULL, NULL, NULL, NULL, NULL, NULL, NULL, NULL),
(151, '2023-05-25', 'jbGrQNTFmCgX1lOVAULwBLOZl', '3059643', NULL, NULL, NULL, NULL, NULL, NULL, NULL, NULL, NULL, NULL, NULL, NULL, NULL, NULL),
(152, '2023-05-25', 'jbGrQNTFmCgX1lOVAULwBLOZl', '3624080', NULL, NULL, NULL, NULL, NULL, NULL, NULL, NULL, NULL, NULL, NULL, NULL, NULL, NULL),
(153, '2023-05-25', 'jbGrQNTFmCgX1lOVAULwBLOZl', '418870', NULL, NULL, NULL, NULL, NULL, NULL, NULL, NULL, NULL, NULL, NULL, NULL, NULL, NULL),
(154, '2023-05-25', 'jbGrQNTFmCgX1lOVAULwBLOZl', '4478958', NULL, NULL, NULL, NULL, NULL, NULL, NULL, NULL, NULL, NULL, NULL, NULL, NULL, NULL),
(155, '2023-05-25', 'jbGrQNTFmCgX1lOVAULwBLOZl', '4559108', NULL, NULL, NULL, NULL, NULL, NULL, NULL, NULL, NULL, NULL, NULL, NULL, NULL, NULL),
(156, '2023-05-25', 'jbGrQNTFmCgX1lOVAULwBLOZl', '4749961', NULL, NULL, NULL, NULL, NULL, NULL, NULL, NULL, NULL, NULL, NULL, NULL, NULL, NULL),
(157, '2023-05-25', 'jbGrQNTFmCgX1lOVAULwBLOZl', '4904615', NULL, NULL, NULL, NULL, NULL, NULL, NULL, NULL, NULL, NULL, NULL, NULL, NULL, NULL),
(158, '2023-05-25', 'jbGrQNTFmCgX1lOVAULwBLOZl', '5291619', NULL, NULL, NULL, NULL, NULL, NULL, NULL, NULL, NULL, NULL, NULL, NULL, NULL, NULL),
(159, '2023-05-25', 'jbGrQNTFmCgX1lOVAULwBLOZl', '587281', NULL, NULL, NULL, NULL, NULL, NULL, NULL, NULL, NULL, NULL, NULL, NULL, NULL, NULL),
(160, '2023-05-25', 'jbGrQNTFmCgX1lOVAULwBLOZl', '5881809', NULL, NULL, NULL, NULL, NULL, NULL, NULL, NULL, NULL, NULL, NULL, NULL, NULL, NULL),
(161, '2023-05-25', 'jbGrQNTFmCgX1lOVAULwBLOZl', '6282943', NULL, NULL, NULL, NULL, NULL, NULL, NULL, NULL, NULL, NULL, NULL, NULL, NULL, NULL),
(162, '2023-05-25', 'jbGrQNTFmCgX1lOVAULwBLOZl', '6796602', NULL, NULL, NULL, NULL, NULL, NULL, NULL, NULL, NULL, NULL, NULL, NULL, NULL, NULL),
(163, '2023-05-25', 'jbGrQNTFmCgX1lOVAULwBLOZl', '8049627', NULL, NULL, NULL, NULL, NULL, NULL, NULL, NULL, NULL, NULL, NULL, NULL, NULL, NULL),
(164, '2023-05-25', 'jbGrQNTFmCgX1lOVAULwBLOZl', '8331621', NULL, NULL, NULL, NULL, NULL, NULL, NULL, NULL, NULL, NULL, NULL, NULL, NULL, NULL),
(165, '2023-05-25', 'jbGrQNTFmCgX1lOVAULwBLOZl', '8511923', NULL, NULL, NULL, NULL, NULL, NULL, NULL, NULL, NULL, NULL, NULL, NULL, NULL, NULL),
(166, '2023-05-25', 'jbGrQNTFmCgX1lOVAULwBLOZl', '8753953', NULL, NULL, NULL, NULL, NULL, NULL, NULL, NULL, NULL, NULL, NULL, NULL, NULL, NULL),
(167, '2023-05-25', 'jbGrQNTFmCgX1lOVAULwBLOZl', '8876551', NULL, NULL, NULL, NULL, NULL, NULL, NULL, NULL, NULL, NULL, NULL, NULL, NULL, NULL),
(168, '2023-05-25', 'jbGrQNTFmCgX1lOVAULwBLOZl', '9872325', NULL, NULL, NULL, NULL, NULL, NULL, NULL, NULL, NULL, NULL, NULL, NULL, NULL, NULL),
(169, '2023-05-29', '7J8bR4ikh3Ul7j125KnWqC4CF', '11750114705', NULL, NULL, NULL, NULL, NULL, NULL, NULL, NULL, NULL, NULL, NULL, NULL, NULL, NULL),
(170, '2023-05-29', '7J8bR4ikh3Ul7j125KnWqC4CF', '2316478', NULL, NULL, NULL, NULL, NULL, NULL, NULL, NULL, NULL, NULL, NULL, NULL, NULL, NULL),
(171, '2023-05-29', '7J8bR4ikh3Ul7j125KnWqC4CF', '245547', NULL, NULL, NULL, NULL, NULL, NULL, NULL, NULL, NULL, NULL, NULL, NULL, NULL, NULL),
(172, '2023-05-29', '7J8bR4ikh3Ul7j125KnWqC4CF', '3059643', NULL, NULL, NULL, NULL, NULL, NULL, NULL, NULL, NULL, NULL, NULL, NULL, NULL, NULL),
(173, '2023-05-29', '7J8bR4ikh3Ul7j125KnWqC4CF', '3624080', NULL, NULL, NULL, NULL, NULL, NULL, NULL, NULL, NULL, NULL, NULL, NULL, NULL, NULL),
(174, '2023-05-29', '7J8bR4ikh3Ul7j125KnWqC4CF', '418870', NULL, NULL, NULL, NULL, NULL, NULL, NULL, NULL, NULL, NULL, NULL, NULL, NULL, NULL),
(175, '2023-05-29', '7J8bR4ikh3Ul7j125KnWqC4CF', '4478958', NULL, NULL, NULL, NULL, NULL, NULL, NULL, NULL, NULL, NULL, NULL, NULL, NULL, NULL),
(176, '2023-05-29', '7J8bR4ikh3Ul7j125KnWqC4CF', '4559108', NULL, NULL, NULL, NULL, NULL, NULL, NULL, NULL, NULL, NULL, NULL, NULL, NULL, NULL),
(177, '2023-05-29', '7J8bR4ikh3Ul7j125KnWqC4CF', '4749961', NULL, NULL, NULL, NULL, NULL, NULL, NULL, NULL, NULL, NULL, NULL, NULL, NULL, NULL),
(178, '2023-05-29', '7J8bR4ikh3Ul7j125KnWqC4CF', '4904615', NULL, NULL, NULL, NULL, NULL, NULL, NULL, NULL, NULL, NULL, NULL, NULL, NULL, NULL),
(179, '2023-05-29', '7J8bR4ikh3Ul7j125KnWqC4CF', '5291619', NULL, NULL, NULL, NULL, NULL, NULL, NULL, NULL, NULL, NULL, NULL, NULL, NULL, NULL),
(180, '2023-05-29', '7J8bR4ikh3Ul7j125KnWqC4CF', '587281', NULL, NULL, NULL, NULL, NULL, NULL, NULL, NULL, NULL, NULL, NULL, NULL, NULL, NULL),
(181, '2023-05-29', '7J8bR4ikh3Ul7j125KnWqC4CF', '5881809', NULL, NULL, NULL, NULL, NULL, NULL, NULL, NULL, NULL, NULL, NULL, NULL, NULL, NULL),
(182, '2023-05-29', '7J8bR4ikh3Ul7j125KnWqC4CF', '6282943', NULL, NULL, NULL, NULL, NULL, NULL, NULL, NULL, NULL, NULL, NULL, NULL, NULL, NULL),
(183, '2023-05-29', '7J8bR4ikh3Ul7j125KnWqC4CF', '6796602', NULL, NULL, NULL, NULL, NULL, NULL, NULL, NULL, NULL, NULL, NULL, NULL, NULL, NULL),
(184, '2023-05-29', '7J8bR4ikh3Ul7j125KnWqC4CF', '8049627', NULL, NULL, NULL, NULL, NULL, NULL, NULL, NULL, NULL, NULL, NULL, NULL, NULL, NULL),
(185, '2023-05-29', '7J8bR4ikh3Ul7j125KnWqC4CF', '8331621', NULL, NULL, NULL, NULL, NULL, NULL, NULL, NULL, NULL, NULL, NULL, NULL, NULL, NULL),
(186, '2023-05-29', '7J8bR4ikh3Ul7j125KnWqC4CF', '8511923', NULL, NULL, NULL, NULL, NULL, NULL, NULL, NULL, NULL, NULL, NULL, NULL, NULL, NULL),
(187, '2023-05-29', '7J8bR4ikh3Ul7j125KnWqC4CF', '8753953', NULL, NULL, NULL, NULL, NULL, NULL, NULL, NULL, NULL, NULL, NULL, NULL, NULL, NULL),
(188, '2023-05-29', '7J8bR4ikh3Ul7j125KnWqC4CF', '8876551', NULL, NULL, NULL, NULL, NULL, NULL, NULL, NULL, NULL, NULL, NULL, NULL, NULL, NULL),
(189, '2023-05-29', '7J8bR4ikh3Ul7j125KnWqC4CF', '9872325', NULL, NULL, NULL, NULL, NULL, NULL, NULL, NULL, NULL, NULL, NULL, NULL, NULL, NULL),
(190, '2023-05-30', 'pXOnEirZjUCNSKJb4fEMiCOep', '11750114705', NULL, NULL, NULL, NULL, NULL, NULL, NULL, NULL, NULL, NULL, NULL, NULL, NULL, NULL),
(191, '2023-05-30', 'pXOnEirZjUCNSKJb4fEMiCOep', '2316478', NULL, NULL, NULL, NULL, NULL, NULL, NULL, NULL, NULL, NULL, NULL, NULL, NULL, NULL),
(192, '2023-05-30', 'pXOnEirZjUCNSKJb4fEMiCOep', '245547', NULL, NULL, NULL, NULL, NULL, NULL, NULL, NULL, NULL, NULL, NULL, NULL, NULL, NULL),
(193, '2023-05-30', 'pXOnEirZjUCNSKJb4fEMiCOep', '3059643', NULL, NULL, NULL, NULL, NULL, NULL, NULL, NULL, NULL, NULL, NULL, NULL, NULL, NULL),
(194, '2023-05-30', 'pXOnEirZjUCNSKJb4fEMiCOep', '3624080', NULL, NULL, NULL, NULL, NULL, NULL, NULL, NULL, NULL, NULL, NULL, NULL, NULL, NULL),
(195, '2023-05-30', 'pXOnEirZjUCNSKJb4fEMiCOep', '418870', NULL, NULL, NULL, NULL, NULL, NULL, NULL, NULL, NULL, NULL, NULL, NULL, NULL, NULL),
(196, '2023-05-30', 'pXOnEirZjUCNSKJb4fEMiCOep', '4478958', NULL, NULL, NULL, NULL, NULL, NULL, NULL, NULL, NULL, NULL, NULL, NULL, NULL, NULL),
(197, '2023-05-30', 'pXOnEirZjUCNSKJb4fEMiCOep', '4559108', NULL, NULL, NULL, NULL, NULL, NULL, NULL, NULL, NULL, NULL, NULL, NULL, NULL, NULL),
(198, '2023-05-30', 'pXOnEirZjUCNSKJb4fEMiCOep', '4749961', NULL, NULL, NULL, NULL, NULL, NULL, NULL, NULL, NULL, NULL, NULL, NULL, NULL, NULL),
(199, '2023-05-30', 'pXOnEirZjUCNSKJb4fEMiCOep', '4904615', NULL, NULL, NULL, NULL, NULL, NULL, NULL, NULL, NULL, NULL, NULL, NULL, NULL, NULL),
(200, '2023-05-30', 'pXOnEirZjUCNSKJb4fEMiCOep', '5291619', NULL, NULL, NULL, NULL, NULL, NULL, NULL, NULL, NULL, NULL, NULL, NULL, NULL, NULL),
(201, '2023-05-30', 'pXOnEirZjUCNSKJb4fEMiCOep', '587281', NULL, NULL, NULL, NULL, NULL, NULL, NULL, NULL, NULL, NULL, NULL, NULL, NULL, NULL),
(202, '2023-05-30', 'pXOnEirZjUCNSKJb4fEMiCOep', '5881809', NULL, NULL, NULL, NULL, NULL, NULL, NULL, NULL, NULL, NULL, NULL, NULL, NULL, NULL),
(203, '2023-05-30', 'pXOnEirZjUCNSKJb4fEMiCOep', '6282943', NULL, NULL, NULL, NULL, NULL, NULL, NULL, NULL, NULL, NULL, NULL, NULL, NULL, NULL),
(204, '2023-05-30', 'pXOnEirZjUCNSKJb4fEMiCOep', '6796602', NULL, NULL, NULL, NULL, NULL, NULL, NULL, NULL, NULL, NULL, NULL, NULL, NULL, NULL),
(205, '2023-05-30', 'pXOnEirZjUCNSKJb4fEMiCOep', '8049627', NULL, NULL, NULL, NULL, NULL, NULL, NULL, NULL, NULL, NULL, NULL, NULL, NULL, NULL),
(206, '2023-05-30', 'pXOnEirZjUCNSKJb4fEMiCOep', '8331621', NULL, NULL, NULL, NULL, NULL, NULL, NULL, NULL, NULL, NULL, NULL, NULL, NULL, NULL),
(207, '2023-05-30', 'pXOnEirZjUCNSKJb4fEMiCOep', '8511923', NULL, NULL, NULL, NULL, NULL, NULL, NULL, NULL, NULL, NULL, NULL, NULL, NULL, NULL),
(208, '2023-05-30', 'pXOnEirZjUCNSKJb4fEMiCOep', '8753953', NULL, NULL, NULL, NULL, NULL, NULL, NULL, NULL, NULL, NULL, NULL, NULL, NULL, NULL),
(209, '2023-05-30', 'pXOnEirZjUCNSKJb4fEMiCOep', '8876551', NULL, NULL, NULL, NULL, NULL, NULL, NULL, NULL, NULL, NULL, NULL, NULL, NULL, NULL),
(210, '2023-05-30', 'pXOnEirZjUCNSKJb4fEMiCOep', '9872325', NULL, NULL, NULL, NULL, NULL, NULL, NULL, NULL, NULL, NULL, NULL, NULL, NULL, NULL),
(211, '2023-06-05', 'UtdkpbDJ21EFAhD0Dq5PRXHvE', '11750114705', NULL, NULL, NULL, NULL, NULL, NULL, NULL, NULL, NULL, NULL, NULL, NULL, NULL, NULL),
(212, '2023-06-05', 'UtdkpbDJ21EFAhD0Dq5PRXHvE', '2316478', NULL, NULL, NULL, NULL, NULL, NULL, NULL, NULL, NULL, NULL, NULL, NULL, NULL, NULL),
(213, '2023-06-05', 'UtdkpbDJ21EFAhD0Dq5PRXHvE', '245547', NULL, NULL, NULL, NULL, NULL, NULL, NULL, NULL, NULL, NULL, NULL, NULL, NULL, NULL),
(214, '2023-06-05', 'UtdkpbDJ21EFAhD0Dq5PRXHvE', '3059643', NULL, NULL, NULL, NULL, NULL, NULL, NULL, NULL, NULL, NULL, NULL, NULL, NULL, NULL),
(215, '2023-06-05', 'UtdkpbDJ21EFAhD0Dq5PRXHvE', '3624080', NULL, NULL, NULL, NULL, NULL, NULL, NULL, NULL, NULL, NULL, NULL, NULL, NULL, NULL),
(216, '2023-06-05', 'UtdkpbDJ21EFAhD0Dq5PRXHvE', '418870', NULL, NULL, NULL, NULL, NULL, NULL, NULL, NULL, NULL, NULL, NULL, NULL, NULL, NULL),
(217, '2023-06-05', 'UtdkpbDJ21EFAhD0Dq5PRXHvE', '4478958', NULL, NULL, NULL, NULL, NULL, NULL, NULL, NULL, NULL, NULL, NULL, NULL, NULL, NULL),
(218, '2023-06-05', 'UtdkpbDJ21EFAhD0Dq5PRXHvE', '4559108', NULL, NULL, NULL, NULL, NULL, NULL, NULL, NULL, NULL, NULL, NULL, NULL, NULL, NULL),
(219, '2023-06-05', 'UtdkpbDJ21EFAhD0Dq5PRXHvE', '4749961', NULL, NULL, NULL, NULL, NULL, NULL, NULL, NULL, NULL, NULL, NULL, NULL, NULL, NULL),
(220, '2023-06-05', 'UtdkpbDJ21EFAhD0Dq5PRXHvE', '4904615', NULL, NULL, NULL, NULL, NULL, NULL, NULL, NULL, NULL, NULL, NULL, NULL, NULL, NULL),
(221, '2023-06-05', 'UtdkpbDJ21EFAhD0Dq5PRXHvE', '5291619', NULL, NULL, NULL, NULL, NULL, NULL, NULL, NULL, NULL, NULL, NULL, NULL, NULL, NULL),
(222, '2023-06-05', 'UtdkpbDJ21EFAhD0Dq5PRXHvE', '587281', NULL, NULL, NULL, NULL, NULL, NULL, NULL, NULL, NULL, NULL, NULL, NULL, NULL, NULL),
(223, '2023-06-05', 'UtdkpbDJ21EFAhD0Dq5PRXHvE', '5881809', NULL, NULL, NULL, NULL, NULL, NULL, NULL, NULL, NULL, NULL, NULL, NULL, NULL, NULL),
(224, '2023-06-05', 'UtdkpbDJ21EFAhD0Dq5PRXHvE', '6282943', NULL, NULL, NULL, NULL, NULL, NULL, NULL, NULL, NULL, NULL, NULL, NULL, NULL, NULL),
(225, '2023-06-05', 'UtdkpbDJ21EFAhD0Dq5PRXHvE', '6796602', NULL, NULL, NULL, NULL, NULL, NULL, NULL, NULL, NULL, NULL, NULL, NULL, NULL, NULL),
(226, '2023-06-05', 'UtdkpbDJ21EFAhD0Dq5PRXHvE', '8049627', NULL, NULL, NULL, NULL, NULL, NULL, NULL, NULL, NULL, NULL, NULL, NULL, NULL, NULL),
(227, '2023-06-05', 'UtdkpbDJ21EFAhD0Dq5PRXHvE', '8331621', NULL, NULL, NULL, NULL, NULL, NULL, NULL, NULL, NULL, NULL, NULL, NULL, NULL, NULL),
(228, '2023-06-05', 'UtdkpbDJ21EFAhD0Dq5PRXHvE', '8511923', NULL, NULL, NULL, NULL, NULL, NULL, NULL, NULL, NULL, NULL, NULL, NULL, NULL, NULL),
(229, '2023-06-05', 'UtdkpbDJ21EFAhD0Dq5PRXHvE', '8753953', NULL, NULL, NULL, NULL, NULL, NULL, NULL, NULL, NULL, NULL, NULL, NULL, NULL, NULL),
(230, '2023-06-05', 'UtdkpbDJ21EFAhD0Dq5PRXHvE', '8876551', NULL, NULL, NULL, NULL, NULL, NULL, NULL, NULL, NULL, NULL, NULL, NULL, NULL, NULL),
(231, '2023-06-05', 'UtdkpbDJ21EFAhD0Dq5PRXHvE', '9872325', NULL, NULL, NULL, NULL, NULL, NULL, NULL, NULL, NULL, NULL, NULL, NULL, NULL, NULL),
(232, '2023-08-18', 'DfgiWC9NTnewyI0IJJUvkxcqV', '11750114705', NULL, NULL, NULL, NULL, NULL, NULL, NULL, NULL, NULL, NULL, NULL, NULL, NULL, NULL),
(233, '2023-08-18', 'DfgiWC9NTnewyI0IJJUvkxcqV', '2316478', NULL, NULL, NULL, NULL, NULL, NULL, NULL, NULL, NULL, NULL, NULL, NULL, NULL, NULL),
(234, '2023-08-18', 'DfgiWC9NTnewyI0IJJUvkxcqV', '245547', NULL, NULL, NULL, NULL, NULL, NULL, NULL, NULL, NULL, NULL, NULL, NULL, NULL, NULL),
(235, '2023-08-18', 'DfgiWC9NTnewyI0IJJUvkxcqV', '3059643', NULL, NULL, NULL, NULL, NULL, NULL, NULL, NULL, NULL, NULL, NULL, NULL, NULL, NULL),
(236, '2023-08-18', 'DfgiWC9NTnewyI0IJJUvkxcqV', '3624080', NULL, NULL, NULL, NULL, NULL, NULL, NULL, NULL, NULL, NULL, NULL, NULL, NULL, NULL),
(237, '2023-08-18', 'DfgiWC9NTnewyI0IJJUvkxcqV', '418870', NULL, NULL, NULL, NULL, NULL, NULL, NULL, NULL, NULL, NULL, NULL, NULL, NULL, NULL),
(238, '2023-08-18', 'DfgiWC9NTnewyI0IJJUvkxcqV', '4478958', NULL, NULL, NULL, NULL, NULL, NULL, NULL, NULL, NULL, NULL, NULL, NULL, NULL, NULL),
(239, '2023-08-18', 'DfgiWC9NTnewyI0IJJUvkxcqV', '4559108', NULL, NULL, NULL, NULL, NULL, NULL, NULL, NULL, NULL, NULL, NULL, NULL, NULL, NULL),
(240, '2023-08-18', 'DfgiWC9NTnewyI0IJJUvkxcqV', '4749961', NULL, NULL, NULL, NULL, NULL, NULL, NULL, NULL, NULL, NULL, NULL, NULL, NULL, NULL),
(241, '2023-08-18', 'DfgiWC9NTnewyI0IJJUvkxcqV', '4904615', NULL, NULL, NULL, NULL, NULL, NULL, NULL, NULL, NULL, NULL, NULL, NULL, NULL, NULL),
(242, '2023-08-18', 'DfgiWC9NTnewyI0IJJUvkxcqV', '5291619', NULL, NULL, NULL, NULL, NULL, NULL, NULL, NULL, NULL, NULL, NULL, NULL, NULL, NULL),
(243, '2023-08-18', 'DfgiWC9NTnewyI0IJJUvkxcqV', '587281', NULL, NULL, NULL, NULL, NULL, NULL, NULL, NULL, NULL, NULL, NULL, NULL, NULL, NULL),
(244, '2023-08-18', 'DfgiWC9NTnewyI0IJJUvkxcqV', '5881809', NULL, NULL, NULL, NULL, NULL, NULL, NULL, NULL, NULL, NULL, NULL, NULL, NULL, NULL),
(245, '2023-08-18', 'DfgiWC9NTnewyI0IJJUvkxcqV', '6282943', NULL, NULL, NULL, NULL, NULL, NULL, NULL, NULL, NULL, NULL, NULL, NULL, NULL, NULL),
(246, '2023-08-18', 'DfgiWC9NTnewyI0IJJUvkxcqV', '6796602', NULL, NULL, NULL, NULL, NULL, NULL, NULL, NULL, NULL, NULL, NULL, NULL, NULL, NULL),
(247, '2023-08-18', 'DfgiWC9NTnewyI0IJJUvkxcqV', '8049627', NULL, NULL, NULL, NULL, NULL, NULL, NULL, NULL, NULL, NULL, NULL, NULL, NULL, NULL),
(248, '2023-08-18', 'DfgiWC9NTnewyI0IJJUvkxcqV', '8331621', NULL, NULL, NULL, NULL, NULL, NULL, NULL, NULL, NULL, NULL, NULL, NULL, NULL, NULL),
(249, '2023-08-18', 'DfgiWC9NTnewyI0IJJUvkxcqV', '8511923', NULL, NULL, NULL, NULL, NULL, NULL, NULL, NULL, NULL, NULL, NULL, NULL, NULL, NULL),
(250, '2023-08-18', 'DfgiWC9NTnewyI0IJJUvkxcqV', '8753953', NULL, NULL, NULL, NULL, NULL, NULL, NULL, NULL, NULL, NULL, NULL, NULL, NULL, NULL),
(251, '2023-08-18', 'DfgiWC9NTnewyI0IJJUvkxcqV', '8876551', NULL, NULL, NULL, NULL, NULL, NULL, NULL, NULL, NULL, NULL, NULL, NULL, NULL, NULL),
(252, '2023-08-18', 'DfgiWC9NTnewyI0IJJUvkxcqV', '9872325', NULL, NULL, NULL, NULL, NULL, NULL, NULL, NULL, NULL, NULL, NULL, NULL, NULL, NULL);

-- --------------------------------------------------------

--
-- Table structure for table `settings`
--

CREATE TABLE `settings` (
  `id` bigint(20) UNSIGNED NOT NULL,
  `jam_masuk` varchar(255) NOT NULL,
  `toleransi` varchar(255) NOT NULL,
  `jam_pulang` varchar(255) NOT NULL,
  `lat` varchar(255) NOT NULL,
  `long` varchar(255) NOT NULL,
  `batas_jarak` int(11) NOT NULL,
  `created_at` timestamp NULL DEFAULT NULL,
  `updated_at` timestamp NULL DEFAULT NULL
) ENGINE=InnoDB DEFAULT CHARSET=utf8mb4 COLLATE=utf8mb4_unicode_ci;

--
-- Dumping data for table `settings`
--

INSERT INTO `settings` (`id`, `jam_masuk`, `toleransi`, `jam_pulang`, `lat`, `long`, `batas_jarak`, `created_at`, `updated_at`) VALUES
(1, '07:30', '08:00', '18:00', '0.4684713642097375', '   101.35573913091294', 200, '2023-05-16 23:32:06', '2023-05-25 03:33:47');

--
-- Indexes for dumped tables
--

--
-- Indexes for table `admins`
--
ALTER TABLE `admins`
  ADD PRIMARY KEY (`id`);

--
-- Indexes for table `jabatans`
--
ALTER TABLE `jabatans`
  ADD PRIMARY KEY (`id`);

--
-- Indexes for table `migrations`
--
ALTER TABLE `migrations`
  ADD PRIMARY KEY (`id`);

--
-- Indexes for table `pegawais`
--
ALTER TABLE `pegawais`
  ADD PRIMARY KEY (`nip`),
  ADD KEY `pegawais_jabatan_id_foreign` (`jabatan_id`);

--
-- Indexes for table `personal_access_tokens`
--
ALTER TABLE `personal_access_tokens`
  ADD PRIMARY KEY (`id`),
  ADD UNIQUE KEY `personal_access_tokens_token_unique` (`token`),
  ADD KEY `personal_access_tokens_tokenable_type_tokenable_id_index` (`tokenable_type`,`tokenable_id`);

--
-- Indexes for table `presensis`
--
ALTER TABLE `presensis`
  ADD PRIMARY KEY (`kode_presensi`);

--
-- Indexes for table `presensi_details`
--
ALTER TABLE `presensi_details`
  ADD PRIMARY KEY (`id`),
  ADD KEY `presensi_details_kode_presensi_foreign` (`kode_presensi`),
  ADD KEY `presensi_details_nip_foreign` (`nip`);

--
-- Indexes for table `settings`
--
ALTER TABLE `settings`
  ADD PRIMARY KEY (`id`);

--
-- AUTO_INCREMENT for dumped tables
--

--
-- AUTO_INCREMENT for table `admins`
--
ALTER TABLE `admins`
  MODIFY `id` bigint(20) UNSIGNED NOT NULL AUTO_INCREMENT, AUTO_INCREMENT=2;

--
-- AUTO_INCREMENT for table `jabatans`
--
ALTER TABLE `jabatans`
  MODIFY `id` bigint(20) UNSIGNED NOT NULL AUTO_INCREMENT, AUTO_INCREMENT=7;

--
-- AUTO_INCREMENT for table `migrations`
--
ALTER TABLE `migrations`
  MODIFY `id` int(10) UNSIGNED NOT NULL AUTO_INCREMENT, AUTO_INCREMENT=51;

--
-- AUTO_INCREMENT for table `personal_access_tokens`
--
ALTER TABLE `personal_access_tokens`
  MODIFY `id` bigint(20) UNSIGNED NOT NULL AUTO_INCREMENT;

--
-- AUTO_INCREMENT for table `presensi_details`
--
ALTER TABLE `presensi_details`
  MODIFY `id` bigint(20) UNSIGNED NOT NULL AUTO_INCREMENT, AUTO_INCREMENT=253;

--
-- AUTO_INCREMENT for table `settings`
--
ALTER TABLE `settings`
  MODIFY `id` bigint(20) UNSIGNED NOT NULL AUTO_INCREMENT, AUTO_INCREMENT=2;

--
-- Constraints for dumped tables
--

--
-- Constraints for table `pegawais`
--
ALTER TABLE `pegawais`
  ADD CONSTRAINT `pegawais_jabatan_id_foreign` FOREIGN KEY (`jabatan_id`) REFERENCES `jabatans` (`id`);

--
-- Constraints for table `presensi_details`
--
ALTER TABLE `presensi_details`
  ADD CONSTRAINT `presensi_details_kode_presensi_foreign` FOREIGN KEY (`kode_presensi`) REFERENCES `presensis` (`kode_presensi`),
  ADD CONSTRAINT `presensi_details_nip_foreign` FOREIGN KEY (`nip`) REFERENCES `pegawais` (`nip`);
COMMIT;

/*!40101 SET CHARACTER_SET_CLIENT=@OLD_CHARACTER_SET_CLIENT */;
/*!40101 SET CHARACTER_SET_RESULTS=@OLD_CHARACTER_SET_RESULTS */;
/*!40101 SET COLLATION_CONNECTION=@OLD_COLLATION_CONNECTION */;
